{"min_num": [1596614661.854602, 0.0, 0.0, 0.0, 0.0], "max_num": [1604582279.551458, 1040.0, 187922.25, 8105.610670089722, 15910396.03676458]}