{"min_num": [0.0, 0.0, 0.0, 0.0, 0.0], "max_num": [1597559590.270817, 1004.0, 187922.25, 15850.506229400635, 54550581.871654846]}